{
  "train_rmse": 1.3693593795995822,
  "test_rmse": 3.770841373221005,
  "train_mae": 1.065016720244607,
  "test_mae": 2.5025978373432274,
  "train_r2": 0.9384133619945759,
  "test_r2": 0.3600238357850757
}