{
  "train_rmse": 5.364708873990043,
  "test_rmse": 3.235303169300063,
  "train_mae": 4.382426940386528,
  "test_mae": 2.685259325960697,
  "train_r2": 0.04738111797429523,
  "test_r2": -0.18980744588762377
}